title,start_date,end_date
#0FeetAway Hackathon,2016-05-07,2016-05-09
#hack4good,2014-09-12,2014-09-14
#HackRealEstate,2016-10-19,2016-10-21
/hack,2016-08-27,2016-08-28
2015 Unique Hack Day,2015-06-06,2015-06-07
AGHacks,2015-10-23,2015-10-25
AppHack,2015-11-14,2015-11-15
Apps World Hackathon,2015-11-18,2015-11-19
ArchHacks,2016-11-04,2016-11-06
Aston Hack,2015-11-07,2015-11-08
AT&T Mobile App Hackathon,2015-11-06,2015-11-07
ATX Hack for Change,2016-06-03,2016-06-05
AWS re:Invent Hackathon,2015-10-06,2015-10-06
BathHack,2015-11-14,2015-11-15
BattleHack London,2014-10-11,2014-10-12
BattleHack Mexico City,2014-09-27,2014-09-28
BattleHack Moscow,2014-10-25,2014-10-26
BattleHack Singapore,2014-09-13,2014-09-14
BCC Hacks,2016-04-29,2016-04-30
BeachHacks,2016-04-02,2016-04-03
Berlin Speedhack,2015-04-25,2015-04-25
BigRed//Hacks,2014-09-26,2014-09-28
BigRed//Hacks,2015-09-18,2015-09-20
BigRed//Hacks,2016-09-16,2016-09-18
Bitcamp,2015-01-30,2015-02-01
Bitcamp,2015-04-10,2015-04-12
Bitcamp,2016-04-08,2016-04-10
BoilerMake,2014-10-17,2014-10-19
BoilerMake,2015-10-16,2015-10-18
BoilerMake,2017-01-20,2017-01-22
Borderless Block Party,2015-11-01,2015-11-30
Boston Hacks,2015-10-31,2015-11-01
Bothack Berlin,2016-11-18,2016-11-20
Breaking Inequality Hackathon,2016-11-26,2016-11-27
BrickHack,2015-04-18,2015-04-18
BrickHack,2016-03-05,2016-03-06
BrickHack,2017-02-11,2017-02-12
BrumHack,2015-10-24,2015-10-25
BrumHack,2016-10-29,2016-10-30
BrumHack 2.0,2015-03-28,2015-03-29
Cal Hacks,2014-10-03,2014-10-05
Cal Hacks,2015-10-09,2015-10-11
Cal Hacks 3.0,2016-11-11,2016-11-13
CarkHacks,2016-04-08,2016-04-10
CarlHacks,2015-04-24,2015-04-26
CatHacks II,2016-04-09,2016-04-10
CBBhacks,2015-02-06,2015-02-08
CBBhacks,2016-01-29,2016-01-31
Cisco Internet of Things,2014-10-10,2014-10-12
Citrus Hack,2015-04-17,2015-04-19
Citrus Hack,2015-11-06,2015-11-08
Citrus Hack,2016-10-21,2016-10-23
Climate Change Hackathon,2016-03-16,2016-03-17
CodeDay,2015-02-14,2015-02-15
CodeDay,2015-11-07,2015-11-08
CodeDay Fall 2014,2014-11-16,2014-11-17
CodeDay Spring 2015,2015-05-23,2015-05-24
CodeRED,2015-04-03,2015-04-04
CodeRED,2015-11-21,2015-11-22
Codestellation,2015-11-14,2015-11-15
Codestellation,2016-10-15,2016-10-16
Connected Lab and IBM Watson Chatbot Hackathon,2016-06-03,2016-06-05
ConUHacks,2016-01-23,2016-01-24
ConUHacks,2017-01-21,2017-01-22
Cycle Hack Berlin,2016-06-24,2016-06-26
DandyHacks,2016-04-01,2016-04-03
DandyHacks,2017-02-17,2017-02-19
Data Transparency Lab Hack Day,2016-11-19,2016-11-19
Def Hacks() Seattle,2017-01-14,2017-01-15
deltaHacks,2015-02-14,2015-02-15
DeltaHacks,2017-01-28,2017-01-29
DeltaHacks II,2016-01-15,2016-01-17
DerbyHacks,2016-04-09,2016-04-10
DerbyHacks,2017-02-24,2017-02-26
Desert Hacks,2015-10-23,2015-10-25
Desert Hacks 2016,2017-02-11,2017-02-12
Design & Hack,2014-11-14,2014-11-16
DigitalOcean Cloud Hack,2016-10-15,2016-10-16
Distrupt the District,2017-02-11,2017-02-12
Dragon Hacks,2015-01-10,2015-01-11
DragonHack,2016-05-14,2016-05-15
DragonHacks,2016-01-16,2016-01-17
DubHacks,2014-10-17,2014-10-19
DubHacks,2015-10-17,2015-10-18
EagleHacks,2016-04-02,2016-04-03
ecomhack 2015,2015-05-09,2015-05-10
ecomhack Everday Commerce,2015-10-16,2015-10-18
ecomhack Personal Commerce,2015-11-20,2015-11-22
ecomhack The New Fashion Experience,2015-10-30,2015-11-01
Electric City Hacks,2016-11-04,2016-11-06
EOD appathon,2016-10-21,2016-10-22
Expedition: Hackathon,2016-11-12,2016-11-13
Fashion / Tech Hackathon,2016-01-29,2016-01-31
Fashion/Text Hackathon,2015-01-30,2015-02-01
FinTechathon: Hack the Financial Industry,2015-10-30,2015-11-01
FloridaTechHacks,2016-04-02,2016-04-03
FundHack,2014-10-10,2014-10-12
FuseHack,2015-11-07,2015-11-08
GeauxHack,2014-08-30,2014-08-31
GeoHackHSV Hackathon,2016-05-02,2016-05-03
GiveBackHack Columbus,2016-02-19,2016-02-21
Global Quack & Hack,2015-08-29,2015-08-29
GlobalHack VI,2016-10-21,2016-10-23
GreatUniHack,2016-11-12,2016-11-13
GrizzHacks,2016-03-19,2016-03-20
Hack @ WPI,2017-01-13,2017-01-15
Hack Arizona,2015-03-06,2015-03-08
Hack Arizona,2016-01-22,2016-01-24
Hack Arizona,2017-01-13,2017-01-15
Hack Cambridge,2016-01-30,2016-01-31
Hack Homelessness,2016-09-23,2016-09-25
Hack in the North,2016-04-01,2016-04-03
Hack K-State,2016-04-29,2016-05-01
Hack Rice,2015-01-30,2015-02-01
Hack the Burgh,2015-03-14,2015-03-15
Hack The House,2015-09-12,2015-09-13
Hack the North,2014-09-19,2014-09-21
Hack the North,2015-09-18,2015-09-20
Hack the North,2016-09-16,2016-09-18
Hack the Planet,2015-08-14,2015-08-16
Hack the Valley,2017-01-07,2017-01-08
Hack UMass IV,2016-10-07,2016-10-09
Hack Western,2015-03-27,2015-03-29
Hack Western,2016-10-14,2016-10-16
Hack Western 2,2015-11-27,2015-11-29
Hack with Coke,2014-10-17,2014-10-19
Hack.UVA,2015-02-28,2015-03-01
hack.uva,2015-04-11,2015-04-13
Hack4Heritage,2016-10-14,2016-10-16
Hack@Brown,2015-02-07,2015-02-08
Hack@Brown,2016-02-06,2016-02-07
hack@brown,2017-02-04,2017-02-05
Hack@Smith,2015-03-28,2015-03-29
Hackatown 2017,2017-02-04,2017-02-05
HackBajío,2016-04-22,2016-04-24
hackBCA II,2015-03-28,2015-03-29
hackBCA III,2016-04-02,2016-04-03
HackBeanpot,2016-01-22,2016-01-24
HackBU,2015-03-20,2015-03-22
HackCC,2014-11-07,2014-11-09
HackCentral,2017-02-17,2017-02-19
HackCooper,2015-02-14,2015-02-15
HackCooper,2016-09-24,2016-09-25
HackCortona,2016-08-06,2016-08-07
HackCU,2015-04-10,2015-04-12
HackCU,2016-04-01,2016-04-03
HackCUU,2015-03-07,2015-03-08
HackCUU,2015-09-26,2015-09-27
HackCWRU,2015-02-06,2015-02-08
HackCWRU,2016-02-12,2016-02-14
HackDartmouth,2015-04-11,2015-04-12
HackDartmouth II,2015-10-03,2015-10-04
HackDartmouth III,2016-09-24,2016-09-25
HackDavis,2016-05-07,2016-05-08
HackDavis,2017-01-21,2017-01-22
HackDC,2015-09-25,2015-09-27
HackDFW,2015-02-28,2015-03-01
HackDFW,2016-04-16,2016-04-17
HackDuke,2014-11-15,2014-11-16
HackDuke,2015-11-07,2015-11-08
HackDuke: Code for Good,2016-11-19,2016-11-20
HackEHS,2016-04-23,2016-04-24
HackExeter,2015-02-28,2015-03-01
HackfestISM,2016-03-04,2016-03-06
HackFSU,2015-03-20,2015-03-22
HackFSU,2016-02-05,2016-02-07
HackGenY London,2015-09-26,2015-09-27
HackGSU,2016-03-25,2016-03-27
hackGSU,2016-10-21,2016-10-23
HackGT,2014-09-19,2014-09-21
HackGT,2015-09-25,2015-09-27
HackGT,2016-09-23,2016-09-25
HackHarvard,2015-11-13,2015-11-15
HackHarvard,2016-10-21,2016-10-23
HackHERE,2015-11-07,2015-11-08
Hackhers,2015-02-07,2015-02-08
HackHolyoke,2015-04-03,2015-04-04
hackholyoke,2015-11-06,2015-11-07
HackIDC,2015-04-07,2015-04-09
HackIllinois,2015-02-27,2015-03-01
Hacking Eating Tracking,2015-09-18,2015-09-20
Hacking Generation Y,2015-01-24,2015-01-25
Hacking Health Milano,2016-11-12,2016-11-13
HackingEDU,2015-10-23,2015-10-25
HackISU,2014-09-12,2014-09-14
HackISU,2015-09-18,2015-09-20
HackISU,2016-02-19,2016-02-21
HackKing v3.0,2016-11-26,2016-11-27
HackKings,2015-12-12,2015-12-13
HackLondon,2015-02-28,2015-03-01
HackLondon,2016-02-27,2016-02-28
hackMarist,2016-10-28,2016-10-30
HackMerced,2017-02-10,2017-02-12
hackMHS,2016-05-21,2016-05-22
HACKMIT,2014-10-04,2014-10-05
HackMIT,2015-09-19,2015-09-20
HackMizzou,2014-10-03,2014-10-05
HackMTY,2015-03-21,2015-03-22
HackMTY,2016-08-27,2016-08-28
HackNC,2014-10-25,2014-10-26
HackNC,2015-10-09,2015-10-11
HackNC,2016-10-28,2016-10-30
hackNEHS | Hack New England High Schools,2016-10-08,2016-10-08
HackNJIT,2014-11-08,2014-11-09
HackNJIT,2015-11-08,2015-11-09
HackNotts,2015-11-28,2015-11-29
HackNotts,2016-11-26,2016-11-27
hackNY,2015-03-07,2015-03-08
hackNY,2015-09-26,2015-09-27
hackNY,2016-04-02,2016-04-03
HackOHI/O,2016-11-19,2016-11-20
hackpoly,2015-02-20,2015-02-21
Hackpoly,2017-02-11,2017-02-12
HackPR,2014-09-27,2014-09-28
HackPR,2015-09-19,2015-09-20
HackPrinceton,2014-11-14,2014-11-16
HackPrinceton,2015-04-11,2015-04-12
HackPrinceton,2015-11-13,2015-11-15
HackPrinceton,2016-04-01,2016-04-03
HackPSU,2015-03-28,2015-03-29
HackPSU,2016-04-09,2016-04-10
HackPSU,2016-11-12,2016-11-13
HackRice,2016-01-15,2016-01-17
HackRiddle,2016-10-15,2016-10-16
HackRPI,2014-11-15,2014-11-16
HackRPI,2016-11-12,2016-11-13
HackRPI 2015,2015-11-14,2015-11-15
HackRU,2014-10-11,2014-10-12
HackRU,2015-04-18,2015-04-19
HackRU,2016-04-16,2016-04-17
HackRU IX,2015-10-03,2015-10-04
HackSC,2014-11-07,2014-11-09
HackSheffield,2016-10-15,2016-10-16
HackSI,2016-11-05,2016-11-06
HackTCNJ,2015-02-28,2015-03-01
HackTCNJ,2016-02-27,2016-02-28
Hacktech,2015-01-24,2015-01-26
Hacktech,2016-02-26,2016-02-28
HackTheU,2016-11-11,2016-11-12
HackTrain,2015-11-20,2015-11-22
HackTX,2016-10-22,2016-10-23
HackUCI,2015-11-20,2015-11-22
HackUConn,2016-04-01,2016-04-02
HackUMass,2015-04-11,2015-04-12
HackUMass,2015-10-23,2015-10-25
HackUMBC,2014-09-27,2014-09-28
HackUPC,2016-10-07,2016-10-09
hackUST,2016-04-16,2016-04-17
hackUState,2015-11-06,2015-11-07
HackUTD,2016-03-26,2016-03-27
HackYSU,2015-04-17,2015-04-19
HackYSU,2016-02-05,2016-02-07
HackZürich,2015-10-02,2015-10-04
Hawkathon,2016-03-25,2016-03-26
health++,2016-11-05,2016-11-06
HealthTech Hackathon,2016-01-16,2016-01-17
HopHacks,2014-09-05,2014-09-07
HopHacks,2015-02-06,2015-02-08
HopHacks,2015-09-11,2015-09-13
HopHacks,2016-02-05,2016-02-07
HopHacks,2017-02-17,2017-02-19
Hoya Hacks,2016-01-29,2016-01-31
HoyaHacks,2016-11-04,2016-11-06
HSHacks II,2015-02-07,2015-02-08
Huskie Hack,2016-11-05,2016-11-06
Huskie Hack 2015,2015-09-26,2015-09-27
IC Hack,2015-02-07,2015-02-08
IDHack,2015-02-13,2015-02-14
India Solar Hackathon,2016-11-11,2016-11-12
InOut 2.0,2015-10-31,2015-11-01
InsurTech Hackathon,2016-10-28,2016-10-30
Invent:YU Israel,2016-10-29,2016-10-30
IrishHacks,2014-09-26,2014-09-28
IrishHacks,2016-01-22,2016-01-24
jacobsHack!,2015-10-17,2015-10-18
jacobsHack!,2016-10-15,2016-10-16
Junction 2016,2016-11-25,2016-11-27
Junction Hackathon,2015-11-06,2015-11-08
Kairos Hacks,2015-02-28,2015-03-01
Kent Hack Enough,2014-10-24,2014-10-26
Kent Hack Enough,2015-10-09,2015-10-11
Kent Hack Enough,2016-10-07,2016-10-09
Knight Hacks,2016-01-15,2016-01-16
LA Hacks,2015-04-11,2015-04-13
Lady Problems Hackathon,2016-10-08,2016-10-09
LAUNCH Hackathon,2016-02-26,2016-02-28
LauzHack,2016-11-19,2016-11-20
LeadingAge Hackfest,2014-10-18,2014-10-20
LeadingAge HackFest,2015-10-30,2015-11-01
LeisureHack,2016-10-22,2016-10-23
LexHack,2014-09-27,2014-09-27
LNMHacks,2016-10-21,2016-10-22
Local Hack Day,2014-12-06,2014-12-06
Los Altos Hacks,2016-01-30,2016-01-31
lumohacks,2016-09-17,2016-09-18
Madhacks,2015-04-17,2015-04-19
Make IT Wright,2015-04-11,2015-04-12
MakeMIT,2015-02-28,2015-02-28
Massey Hacks II,2016-05-21,2016-05-22
MasterCard N>XT,2014-10-04,2014-10-05
MavHack,2015-10-02,2015-10-03
McHacks,2014-11-07,2014-11-09
McHacks,2015-02-21,2015-02-22
McHacks,2017-01-28,2017-01-29
MedHacks 2.0,2016-09-23,2016-09-25
MedStart,2015-01-29,2015-02-01
MenloHacks,2016-04-16,2016-04-17
MHacks,2014-09-05,2014-09-07
MHacks 6,2015-09-11,2015-09-13
MHacks 7,2016-02-19,2016-02-21
MHacks 8,2016-10-07,2016-10-09
MHacks V,2015-01-16,2015-01-18
MIA Game Jam,2016-10-22,2016-10-23
Miami Bitcoin Hackathon,2015-01-09,2015-01-11
MinneHack,2016-01-28,2016-01-29
MiSK Hackathon: Medical Internet of Things,2016-11-25,2016-11-27
MLH Landing,2015-04-11,2015-04-12
MLH Launch Hack,2014-10-04,2014-10-05
MountainHacks,2015-02-27,2015-02-28
MX Hacks,2014-10-17,2014-10-19
MythicApps,2015-09-25,2015-09-27
New Era Hackathon,2016-11-11,2016-11-12
Ninja Hacks,2016-04-16,2016-04-17
Octane Hackathon,2017-01-09,2017-02-09
OHI/O,2014-10-03,2014-10-05
OHI/O 2015,2015-11-14,2015-11-15
Ohio State Makeathon 2016,2016-03-05,2016-03-06
Open Government WikiHack II,2014-09-27,2014-09-28
Output vs Output,2016-02-07,2016-02-13
OxfordHack,2016-11-19,2016-11-20
OxHACK,2014-11-29,2014-11-30
PearlHacks,2017-02-11,2017-02-12
PennApps X,2014-09-12,2014-09-14
PennApps XI,2015-01-16,2015-01-19
PennApps XII,2015-09-04,2015-09-06
PennApps XIV,2016-09-09,2016-09-11
PennApps XV,2017-01-20,2017-01-22
Piazza Hackathon,2015-08-08,2015-08-08
PilotPhilly,2015-01-30,2015-01-31
Pioneer's Makerthon,2016-02-20,2016-02-21
Prime Hack,2015-07-11,2015-07-12
ProfHacks 2017,2017-02-04,2017-02-05
Project 34,2015-05-02,2015-05-03
ProLiteracy Hackathon,2014-09-13,2014-09-14
Proximity Hackathon,2016-05-16,2016-06-30
Quack Hack,2016-01-15,2016-01-17
QuackCon,2016-10-14,2016-10-16
QueensHack,2016-04-23,2016-04-24
RamHacks,2014-11-08,2014-11-09
Ramhacks,2015-09-12,2015-09-13
RedbirdHacks,2015-04-25,2015-04-26
Reimagine Waste,2016-03-26,2016-03-27
Reimagine Waste,2016-04-02,2016-04-03
Revolution UC,2014-11-14,2014-11-16
Revolution UC,2016-04-16,2016-04-17
RevolutionUC,2015-05-15,2015-05-17
RevolutionUC Fall 2016,2016-10-08,2016-10-09
RiverHack 2016,2016-10-14,2016-10-15
Sage Pay Developer Meetup,2016-10-06,2016-10-06
SB Hacks,2015-01-30,2015-02-01
SB Hacks,2017-01-20,2017-01-22
SB Hacks II,2016-04-22,2016-04-24
SD Hacks,2015-02-27,2015-03-01
SD Hacks,2015-10-02,2015-10-04
SD Hacks,2016-09-30,2016-10-02
Seattle GiveCamp,2015-10-02,2015-10-04
Shiv Nadar University Hackathon,2016-11-05,2016-11-06
SM Hacks,2017-01-14,2017-01-15
Spacer Hackathon,2016-05-28,2016-05-29
SpartaHack,2015-03-27,2015-03-29
SpartaHack,2016-02-26,2016-02-28
SpartaHacks,2017-01-20,2017-01-22
SportsHack,2016-02-27,2016-02-28
Stacs Hack,2015-02-21,2015-02-22
START Hack,2016-03-11,2016-03-13
SteelHacks,2016-02-19,2016-02-21
SteelHacks,2017-02-10,2017-02-11
STEMHacks,2015-04-25,2015-04-26
StudentHack,2014-10-31,2014-11-02
StuyHacks,2016-05-28,2016-05-29
sudo HackStetson,2016-04-09,2016-04-10
SVHacks,2016-02-20,2016-02-21
SwampHacks,2016-01-23,2016-01-24
SwampHacks,2017-01-20,2017-01-22
TADHack London 2016,2016-10-15,2016-10-16
TAMUHack,2014-10-24,2014-10-25
Tech Retreat,2016-07-09,2016-07-10
TechCrunch Disrupt London Hackathon 2015,2015-12-05,2015-12-06
Technica,2015-11-07,2015-11-08
Technica,2016-11-05,2016-11-06
TeenHacks,2014-10-25,2014-10-26
TELHack,2015-11-06,2015-11-08
THacks,2014-11-22,2014-11-23
The Comcast NBCUniversal Hackathon,2015-03-28,2015-03-29
TreeHacks,2015-02-20,2015-02-22
TreeHacks,2016-02-12,2016-02-14
TreeHacks,2017-02-17,2017-02-19
tribeHacks,2016-04-01,2016-04-03
TunaHack,2015-08-07,2015-08-09
TVCOG Cleantech Hackathon,2016-10-15,2016-10-16
UB Hacking,2016-11-05,2016-11-06
UHack,2015-02-21,2015-02-22
Ultrahack 2016,2016-11-25,2016-11-27
Uncommon Hacks,2016-04-16,2016-04-17
Uncommon Hacks,2017-01-14,2017-01-15
Unhackathon,2014-09-20,2014-09-21
UofT Hacks,2017-01-20,2017-01-22
UofTHacks,2015-01-30,2015-02-01
Valley Hackathon,2016-01-15,2016-01-16
VandyHacks,2015-03-20,2015-03-22
VandyHacks,2015-10-02,2015-10-04
VolHacks,2016-09-30,2016-10-02
VTHacks,2015-02-06,2015-02-08
WarwickHACK 2.0,2015-03-07,2015-03-08
WearHacks Kitchener-Waterloo,2016-03-18,2016-03-20
WearHacks Paris,2016-04-15,2016-04-17
WearHacks Rome,2016-04-22,2016-04-24
WearHacks Toronto,2016-03-11,2016-03-13
WearHacks Tunis,2016-05-13,2016-05-15
WeCanCode Ensenada,2015-09-11,2015-09-12
WeCanCode Tijuana,2015-09-12,2015-09-13
WHACK,2016-10-01,2016-10-02
WicHacks,2017-02-25,2017-02-26
WildHacks,2014-11-22,2014-11-23
WildHacks,2015-11-21,2015-11-22
WildHacks,2016-11-18,2016-11-20
WUHack,2014-09-12,2014-09-14
WUHack,2015-09-18,2015-09-20
YCP Hacks,2016-10-21,2016-10-23
YHack,2014-10-31,2014-11-02
YHack 2015,2015-11-06,2015-11-08
YHack 2016,2016-11-11,2016-11-13
Zoohackathon,2016-10-07,2016-10-09
